﻿Designator,Footprint,Quantity,Value,LCSC Part #
"5V, D1",0603,2,BLUE,
C1,0603,1,10nF,
C10,0603,1,10nF/16V,
C11,0603,1,2.2uF/6.3A,
"C2, C8, C9",1206,3,10uF/25V,
"C3, C6",0603,2,100nF/25V,
"C4, C5",1206,2,22uF/16V,
C7,1206,1,10uF,
D3,D_SOD-323,1,1N5819WS,
ESP32S3,XIAO-ESP32S3-SMD,1,XIAO-ESP32-S3-SMD,
J3,PinHeader_1x03_P2.54mm_Vertical,1,Conn_01x03_Pin,
L1,L_SOREDE_SNR.1050_10x10x5mm,1,5.2uH,
MOTOR,PinHeader_1x02_P2.54mm_Vertical,1,Screw_Terminal_01x02,
"R1, R3",0805,2,200k,
"R2, R5",0603,2,1k,
"R4, R6",0805,2,22k1,
U1,TSOT-23-8,1,SY8303,
U2,SOT-23-5,1,TPS7A20xxxPDBVR,
U3,HTSSOP-16-1EP_4.4x5mm_P0.65mm_EP3.4x5mm_Mask2.46x2.31mm_ThermalVias,1,DRV8833PWP,
VBAT,AMASS_XT30UPB-M_1x02_P5.0mm_Vertical,1,Screw_Terminal_01x02,
